date,yt_pred_time_trend_1_dummy,yt_pred_time_trend_2_dummy,yt_pred_time_trend_3_dummy,yt_true,yt_pred_time_trend_3_fourier,yt_pred_mlp_8,yt_pred_mlp_30,yt_pred_stacked_mlp,yt_pred_d1d13_ar13,yt_pred_d1d12_mlp
1946-01-01,1095.0249999999996,1444.1986161805128,1196.75,890,1138.2402635831395,,,,,
1946-02-01,1077.3934210526313,1417.7272045877332,1181.5,992,1250.6692805200878,,,,,
1946-03-01,1214.077631578947,1545.5715803337591,1321.875,979,1282.0046880942198,,,,,
1946-04-01,1322.1302631578942,1644.7843762768816,1432.875,959,1425.2150843147813,,,,,
1946-05-01,1385.0249999999996,1698.8392767431951,1496.25,1110,1564.724162238021,,,,,
1946-06-01,1539.498684210526,1844.4731228817673,1650.875,1546,1531.9319146678752,,,,,
1946-07-01,1929.7092105263157,2225.8438084213494,2043.125,1539,2199.885663947847,,,,,
1946-08-01,3034.498684210526,3321.793435276575,3147.625,3401,2989.3103428884087,,,,,
1946-09-01,2284.7092105263155,2563.1641266766246,2399.75,2092,2535.851832234698,,,,,
1946-10-01,1815.656578947368,2085.2716571630012,1929.625,1436,1845.1812415880136,,,,,
1946-11-01,1636.1302631578944,1896.9055003584504,1749.625,1301,1778.866749228924,,,,,
1946-12-01,1397.603947368421,1649.5393429107305,1511.5,1287,1539.9901752271946,,,,,
1947-01-01,1220.8175438596486,1464.404198859502,1361.875,1488,1302.4547672028768,,,,,
1947-02-01,1203.1859649122805,1438.914991556775,1344.25,1517,1412.4301273552362,1260.8287581197685,4132.781807305687,1205.909176660877,,
1947-03-01,1339.870175438596,1567.7415715928537,1482.25,1707,1441.3439891327464,1360.0203665067072,3901.352684686076,1282.3323781895376,,
1947-04-01,1447.9228070175434,1667.9365718260287,1590.75,1729,1582.1649505446528,1434.9276830258295,3687.868318395585,1273.4332926946756,,
1947-05-01,1510.8175438596486,1722.9736765823943,1651.625,1788,1719.3167046472042,1488.115979613748,3534.510300970103,1335.6017470015547,,
1947-06-01,1665.291228070175,1869.5897270110197,1804.0,2008,1684.1992442443363,1665.903380475544,3409.8351113934677,1497.3697155066309,,
1947-07-01,2055.5017543859644,2251.942616840654,2193.875,2203,2349.859891679553,1959.1560238786856,3328.8087009682986,1863.9579449148591,,
1947-08-01,3160.291228070175,3348.8744479859324,3296.125,3713,3137.023579763327,2746.777458137372,3242.6318728884767,2894.159199623362,,
1947-09-01,2410.5017543859644,2591.2273436760343,2546.0,2946,2681.336189240794,2630.703128844552,3165.516017971774,2863.7753410396167,,
1947-10-01,1941.4491228070171,2114.3170784524636,2073.75,2082,1988.468829713254,2093.5975277327284,3078.4807496099115,2029.6152359782673,,
1947-11-01,1761.9228070175436,1926.9331259379655,1891.625,2033,1919.9896794612755,1741.7666614193508,3032.5497169273667,1480.942472020926,,
1947-12-01,1523.39649122807,1680.5491727802978,1651.125,1937,1678.9805585546246,1677.8859347553464,2990.8485889462945,1537.4542162262412,,
1948-01-01,1346.6100877192978,1496.3962330191223,1499.5,1711,1439.3447146133517,1753.5357886832237,2967.2108909909493,1652.0117303249665,,
1948-02-01,1328.9785087719297,1471.889230006448,1479.875,1775,1547.2517498367224,1739.437567935572,2953.3324714283663,1669.055356603779,,
1948-03-01,1465.662719298245,1601.698014332579,1615.625,1902,1574.1293976732109,1888.1827194795085,2943.688065344998,1883.1534693139088,1972.255844928933,1926.0496447515152
1948-04-01,1573.7153508771926,1702.875218855807,1722.125,1846,1712.946256132062,1983.316236258442,2941.170185020885,1939.4147306052553,1965.2077776186552,1887.2497140495143
1948-05-01,1636.6100877192978,1758.8945279022255,1781.125,2083,1848.1260182695248,1983.9057651298165,2943.4142563733917,1892.82407431129,2015.5355067383653,1863.4183278324908
1948-06-01,1791.0837719298245,1906.4927826209027,1931.5,2262,1811.0686768895348,2158.206630463098,2938.2198895253555,2084.893448401107,2424.4744858631075,2265.472730974139
1948-07-01,2181.2942982456134,2289.82787674059,2319.5,2193,2474.8215543355964,2554.716004430552,2934.6152391969217,2533.9061811109796,2359.0735418264676,2415.9099108447663
1948-08-01,3286.0837719298243,3387.741912175921,3419.875,3792,3260.1095834181815,3127.6382010032016,2938.453276679903,3224.9487829434315,3968.0454167379567,3664.9418672998054
1948-09-01,2536.2942982456134,2631.0770121560754,2667.75,2343,2802.5786448824265,3252.5870748991897,2930.063129945511,3492.9799395664727,2808.073884261493,2984.137382679619
1948-10-01,2067.2416666666663,2155.1489512225576,2193.75,2313,2107.899848329632,2329.5981921141965,2944.483160797449,2224.277276172519,1778.0672838479368,1437.8881294894463
1948-11-01,1887.7153508771928,1968.747202998112,2009.75,2179,2037.6413720403648,2212.224623916176,2936.4007410304775,2132.6864065828877,2014.340903926257,2225.0459394036106
1948-12-01,1649.1890350877188,1723.3454541304968,1767.5,1975,1794.8850360843917,2040.1687921261073,2930.4698302161555,2016.6512439869591,2064.639740338306,2045.7245091726477
1949-01-01,1472.402631578947,1540.174718659374,1614.25,1880,1553.5340880817632,1933.9856433428845,2931.340632830955,1838.4356306677512,1946.737616686484,1704.6241813906167
1949-02-01,1454.7710526315786,1516.6499199367522,1592.75,1930,1659.7581302317456,1924.1423549711633,2922.729932797183,1896.2684076311295,1920.0382763384189,1902.8991330630233
1949-03-01,1591.4552631578945,1647.4409085529358,1726.875,2060,1684.984895982812,2053.1856895118212,2920.63502452925,2049.004682792035,1982.7815379669228,2018.8474781187151
1949-04-01,1699.5078947368415,1749.600317366216,1831.875,1843,1822.182983344208,2121.5484272168123,2918.6445383992063,2077.0926070099395,2044.2205330800784,1966.902507671798
1949-05-01,1762.402631578947,1806.6018307026875,1889.25,2052,1955.776085372182,2138.687668806007,2922.3854514916206,2074.2585815882458,2085.381469378394,2040.8154228500407
1949-06-01,1916.8763157894732,1955.1822897114173,2038.0,2039,1917.1641948706704,2266.962148436801,2924.0776970465795,2213.790710950878,2220.6510949977437,2189.644815341352
1949-07-01,2307.086842105263,2339.499588121157,2424.5,2351,2579.394634183177,2466.5137574813493,2931.305303972138,2433.34039241493,2249.044692701502,1931.9628214173354
1949-08-01,3411.876315789473,3438.3958278465407,3523.375,3394,3363.1923361201734,3112.618594561917,2930.15517413236,3251.9181201241045,3762.607581117476,3909.9215692619655
1949-09-01,2662.086842105263,2682.713132116748,2769.75,3581,2904.2031814267966,2846.6459543004894,2933.122257758199,3016.640934569319,2548.4353384914266,1907.1780330123229
1949-10-01,2193.0342105263153,2207.767275473282,2294.25,2489,2208.098279704346,2984.594223440351,2908.3815125771735,3097.2310394574856,2640.605934145344,3519.3448277620655
1949-11-01,2013.5078947368415,2022.3477315388895,2109.0,2468,2136.445809233391,2447.2105980837373,2905.523749814127,2336.367524001349,2469.6987478975752,2323.4895344115284
1949-12-01,1774.981578947368,1777.928186961327,1865.375,2134,1892.327590083696,2239.3206142584313,2900.6737346371774,2176.2384981414443,2226.1934964846605,2219.0705779775253
1950-01-01,1598.195175438596,1595.7396557802567,1710.625,1903,1649.6468698753124,2070.482450931117,2898.7855864818735,1995.8158248486704,2046.4588016074367,2002.4748894882377
1950-02-01,1580.5635964912276,1573.1970613476874,1688.0,1719,1754.5732508075062,2033.9567299616112,2897.632999438294,1989.7650353954864,1992.4703447260515,1915.0539780956979
1950-03-01,1717.2478070175434,1704.9702542539237,1820.875,1617,1778.5344663287506,2029.406107196107,2898.2663613494738,2031.4423562616855,2074.5844593709207,1810.0252129783794
1950-04-01,1825.3004385964907,1808.1118673572569,1924.5,1818,1914.499114448291,1992.4547221399064,2904.8965475309296,1940.6552377093012,1683.141804259446,1357.5093796269616
1950-05-01,1888.195175438596,1866.0955849837808,1980.5,2067,2046.8908882223768,2110.0116713746493,2907.371107742735,2077.573837744582,1980.5450024229012,1986.5326322385731
1950-06-01,2042.6688596491224,2015.658248282563,2128.125,2457,2007.1097804549431,2224.1421048950897,2909.408048655073,2178.556972238541,2195.6997235199233,2023.2119432086447
1950-07-01,2432.879385964912,2400.9577509823557,2513.625,2600,2668.203113489494,2698.725168540335,2905.0428578150227,2700.5676431352476,2317.670010183856,2729.258623732332
1950-08-01,3537.668859649122,3500.8361949977916,3611.25,3530,3450.8958201365012,3306.4569679950814,2903.7003157130116,3381.33869825883,3950.1145212137862,3612.1437164702247
1950-09-01,2787.879385964912,2746.1357035580513,2856.625,2693,2990.833781141104,3577.9127824475627,2900.877221332386,3732.599047539773,2955.789534250798,3674.0454345615435
1950-10-01,2318.8267543859647,2272.1720512046386,2380.125,2448,2293.688106104598,2725.543317076077,2912.1677317317344,2701.1937008081422,2185.362043995555,1562.8286294956042
1950-11-01,2139.300438596491,2087.7347115602984,2193.75,2250,2221.026973307554,2495.2768998701727,2911.6575198027385,2469.3638873067343,2356.6332822085797,2380.871070154204
1950-12-01,1900.7741228070172,1844.2973712727885,1949.125,1972,1975.9322028197369,2192.076661085717,2912.759165136317,2177.622693083817,2083.9272758649695,1880.7820386518151
1951-01-01,1723.987719298245,1663.0910443817706,1793.5,1682,1732.3070422611977,2002.6536193907416,2915.1686369527692,1950.7759584536263,1834.4339849892567,1698.8347702868941
1951-02-01,1706.3561403508768,1641.530654239254,1769.875,1730,1836.321093831203,1840.2046706665633,2916.0980256491885,1781.4902031863971,1632.1512663734024,1456.1350227669136
1951-03-01,1843.0403508771924,1774.286051435543,1901.875,1814,1859.4020909782253,1878.897587188282,2916.246601437898,1831.8217273083776,1650.0431531642243,1591.0827566140783
1951-04-01,1951.09298245614,1878.4098688289284,2004.625,1900,1994.5186317115108,2021.392437881441,2914.7492302611668,1963.862264144632,1735.5211881898458,1981.6270840454417
1951-05-01,2013.987719298245,1937.375790745505,2059.875,2051,2126.0944090873077,2188.512920383572,2916.431426796261,2144.1525720750883,2059.432309280204,2114.6994818696935
1951-06-01,2168.4614035087716,2087.92065833434,2206.75,2290,2085.529415909552,2435.1810102057907,2918.81908853665,2411.9987252096803,2243.0639720915115,2399.3102258622657
1951-07-01,2558.6719298245607,2474.202365324185,2591.375,2599,2745.870974521748,2744.434115647027,2924.4280034853045,2769.0959779411105,2505.690404479523,2396.5596318112184
1951-08-01,3663.461403508771,3575.0630136296736,3688.25,3428,3527.8440177343664,3174.05274303599,2925.9404201833045,3294.6471602967913,3447.221818801014,3485.8732154984755
1951-09-01,2913.671929824561,2821.344726479986,2933.0,2262,3067.094426292547,3072.884291689687,2924.2506071448015,3229.3470038902037,3216.806776688809,2553.471171557675
1951-10-01,2444.6192982456137,2348.3632784166257,2455.75,2242,2369.2933097975856,2483.5509210914006,2933.576144337985,2411.6696728695115,2018.5965940809683,1971.8327903441332
1951-11-01,2265.09298245614,2164.9081430623382,2268.75,2103,2296.0088465300523,2264.6624653623826,2936.309958398381,2225.986411534261,1945.350122515054,2011.906079328326
1951-12-01,2026.5666666666664,1922.453007064881,2023.5,1825,2050.3228565597137,2022.963487717205,2937.750965028135,1997.8971869980016,1810.473888536565,1788.626986521689
1952-01-01,1849.7802631578943,1742.2288844639158,1867.375,1670,1806.1385875066192,1861.170430536143,2941.363334993919,1764.938496807097,1564.4544369281916,1498.623323019754
1952-02-01,1832.148684210526,1721.6506986114518,1843.25,1681,1909.625641570036,1841.2098938175805,2937.493840653414,1792.8236390046295,1574.520393196577,1681.46926318212
1952-03-01,1968.8328947368416,1855.3883000977933,1974.625,1713,1932.2117521984364,1931.991998367332,2940.8578145070196,1891.2066494756848,1586.8698042319584,1728.1090612599673
1952-04-01,2076.885526315789,1960.4943217812315,2077.0,1954,2066.8655174010664,1986.95592812284,2946.7193273667203,1919.102824479127,1792.4934808245737,1761.3966541436248
1952-05-01,2139.7802631578943,2020.4424479878603,2131.75,1876,2198.010630234174,2135.9430138505127,2948.970854323191,2108.3941124616226,2064.0757810885334,2066.1017664945207
1952-06-01,2294.2539473684205,2171.969519866748,2278.125,2272,2157.0470835016977,2269.715557738094,2957.502320908747,2207.8093877538104,2292.972049805392,2075.1671450320837
1952-07-01,2684.46447368421,2559.2334311466457,2662.5,2612,2817.0221995471375,2684.394358505219,2961.1315965259687,2733.6900191222726,2496.1662001117747,2542.912595390935
1952-08-01,3789.253947368421,3661.076283742187,3759.0,3590,3598.6609111809676,3034.7348630131005,2961.801964004183,3180.8044930512924,3402.3170645587597,3404.2509184408864
1952-09-01,3039.46447368421,2908.3402008825524,3003.5,2496,3137.609099148325,2886.170529707978,2950.008658144866,3044.3978895033097,2527.949162726716,2386.925616540565
1952-10-01,2570.4118421052626,2436.3409571092443,2526.0,2441,2439.5378730505095,2457.412065039796,2942.579487620516,2393.7043620233776,2391.2745564996276,2439.75006286389
1952-11-01,2390.8855263157893,2253.868026045009,2338.75,2340,2366.0154111680877,2268.818424125736,2935.4613481261795,2220.6471577788975,2195.558485689039,2266.447247696229
1952-12-01,2152.359210526315,2012.3950943376049,2093.25,2090,2120.1235335708266,2050.985174066736,2927.395928085176,2018.2979385608185,2020.759905111632,2026.2695548128067
1953-01-01,1975.5728070175433,1833.153176026692,1937.0,1812,1875.765487878777,1941.2403823671848,2921.7563148314343,1864.1554159885372,1841.8684165104205,1899.491226659642
1953-02-01,1957.941228070175,1813.5571944642809,1912.5,1788,1979.110876291205,1874.60763595522,2915.4543320432726,1816.6704865561264,1852.2640728521565,1785.6803397913386
1953-03-01,2094.6254385964908,1948.2770002406749,2043.875,1837,2001.587432256584,1953.9523878268485,2914.4560943877746,1912.39503473392,1915.464999225719,1782.7760162474615
1953-04-01,2202.6780701754383,2054.3652262141654,2146.125,1993,2136.163753784158,2052.1593362767467,2914.0981445342863,2005.7203847073936,2021.0194374229975,2040.4598131588214
1953-05-01,2265.5728070175433,2115.295556710847,2201.0,2021,2267.263533930178,2106.013694969407,2915.609861361187,2054.8273351053876,2065.683179986679,1878.882379005739
1953-06-01,2420.0464912280695,2267.8048328797877,2347.375,2199,2226.2867654985785,2347.070659818835,2914.929230177853,2295.872143032577,2381.239722657476,2379.6677918888245
1953-07-01,2810.2570175438595,2656.050948449738,2731.5,2622,2886.280770832863,2725.7064562485552,2918.6239304334345,2744.8082131663805,2609.9441725559764,2502.3814918682037
1953-08-01,3915.04649122807,3758.876005335332,3828.25,3787,3667.970482743504,3177.812773310017,2919.6537883502147,3314.04978057198,3529.7495547515437,3562.8670645633956
1953-09-01,3165.2570175438595,3007.1221267657493,3072.625,2914,3207.0017819756404,3138.628777513312,2912.456461123587,3318.8876987075237,2554.2235968120904,2658.2049218104366
1953-10-01,2696.204385964912,2536.105087282494,2595.375,2487,2509.045778130569,2807.7356996866615,2905.6453883603463,2800.505973695462,2726.6867451614507,2823.4722302575283
1953-11-01,2516.6780701754383,2354.6143605083116,2408.125,2314,2435.6706494888585,2485.0704908958696,2904.0636778681724,2428.4612879268516,2482.9406570020956,2346.306580140659
1953-12-01,2278.1517543859645,2114.1236330909596,2163.0,2139,2189.9582161202757,2199.9500823455037,2903.1659724283327,2166.385387604843,2056.6408165307257,2022.9697407527556
1954-01-01,2101.3653508771927,1935.8639190700997,2006.875,2124,1945.8117256448704,2028.9013016174065,2902.3725397323988,1971.4214185565295,1891.643382800355,1823.479756788492
1954-02-01,2083.7337719298243,1917.250141797741,1982.625,2214,2049.40078026191,2033.0370799700192,2896.187966888642,2026.19105455527,2047.092538308435,2064.485182565391
1954-03-01,2220.4179824561397,2052.9521518641877,2114.375,2234,2072.1531134198667,2174.3806753770696,2891.599003540354,2188.8486152580695,2188.910692110557,2226.400677997017
1954-04-01,2328.4706140350872,2160.022582127731,2216.875,2279,2207.0373231279855,2286.803059071249,2888.9296449211397,2266.3896934127683,2397.5923975792393,2352.12244947659
1954-05-01,2391.365350877192,2221.935116914465,2272.0,2423,2338.4771024425163,2315.142286720398,2887.879855728393,2265.411107100132,2251.754149424397,2268.2185590246154
1954-06-01,2545.839035087719,2375.426597373458,2418.75,2290,2297.872444167395,2499.836850700852,2885.6656743176136,2447.1650391086528,2605.205970226212,2565.8619716450103
1954-07-01,2936.049561403508,2764.6549172334608,2803.25,2903,2958.270670646124,2829.595004982435,2886.052904987144,2804.0615208735744,2862.1593079036884,2674.277827797876
1954-08-01,4040.839035087719,3868.462178409107,3900.5,4485,3740.396714689176,3470.1528452077036,2884.3003116554632,3597.9199930266395,3981.396229431488,4032.4244751788383
1954-09-01,3291.0495614035085,3117.6905041295777,3145.5,3085,3279.8964570416906,3673.9962981629224,2878.7787333434453,3872.9269081491984,3287.061570222675,3578.824075375662
1954-10-01,2821.996929824561,2647.655668936375,2668.625,2852,2582.4410073049635,2987.9649928185554,2877.94125137714,2943.684387109553,2942.9117598776284,2619.307587847654
1954-11-01,2642.4706140350872,2467.147146452245,2482.0,2629,2509.598543759565,2676.0994941071294,2875.986107283578,2617.409691671753,2725.3903657133014,2638.24797598254
1954-12-01,2403.944298245614,2227.638623324946,2237.25,2435,2264.4508864752597,2443.8852404484255,2874.703659975623,2406.714500256829,2468.0376094190797,2419.0397735099405
1955-01-01,2227.1578947368416,2050.3611135941383,2081.75,2227,2020.9012830720992,2363.956025364919,2873.978435562535,2329.934162620479,2317.528387179341,2384.7066654321407
1955-02-01,2209.5263157894733,2032.7295406118324,2058.125,1944,2125.1193357493494,2325.6775048387112,2872.9659150130124,2333.4940390187808,2340.9693424101124,2280.7609346313748
1955-03-01,2346.210526315789,2169.413754968331,2190.5,2125,2148.5327779554837,2325.776825126617,2873.7646626721644,2315.9242316487484,2142.592934682514,1920.7045226493192
1955-04-01,2454.263157894736,2277.4663895219273,2293.75,2260,2284.1102076997477,2439.7609236623794,2874.3912560114422,2433.3009864959436,2276.4975961192904,2131.3817480372963
1955-05-01,2517.1578947368416,2340.3611285987145,2349.625,2299,2416.2753180383897,2506.5639892681565,2875.142145548774,2495.5662249826355,2357.0249417504992,2367.07236626786
1955-06-01,2671.6315789473683,2494.83481334776,2497.125,2323,2376.4281017753465,2571.7945348256553,2875.968209525651,2489.2800867127858,2347.4866481199406,2126.1053455940746
1955-07-01,3061.8421052631575,2885.045337497815,2882.5,2659,3037.6158812541203,3131.2177311423534,2876.599716788142,3110.9317016651185,2907.7742384582943,2897.8383659660703
1955-08-01,4166.631578947368,3989.8348029635144,3980.375,3761,3820.563589285184,3754.4219752149434,2878.2150973488174,3838.05671924993,4038.965598575899,4201.126857440493
1955-09-01,3416.8421052631575,3240.0453329740376,3226.125,2779,3360.917106613676,3511.0659716520327,2880.5965921132747,3662.3643359255457,2743.660015664742,2319.006149540981
1955-10-01,2947.78947368421,2770.9927020708874,2750.25,2761,2664.347542840893,3020.8995821312537,2882.2248509872434,3010.1388367292698,2463.585475053731,2504.066223863534
1955-11-01,2768.2631578947367,2591.46638387681,2564.5,2446,2592.4230762474062,2805.4576845698434,2882.078254519681,2810.4035509360124,2441.98325304631,2502.5168669468385
1955-12-01,2529.736842105263,2352.9400650395633,2320.875,2278,2348.2255269029783,2515.250351415169,2882.8383229604588,2511.828518927323,2272.578167906351,2211.4674019857957
1956-01-01,2352.9504385964906,2176.6447595988084,2166.25,1879,2105.658142427663,2304.385953692786,2883.914915976958,2280.0399452592205,2063.447005838523,2027.2643983615953
1956-02-01,2335.3188596491223,2159.995390906555,2143.875,1881,2210.8905250207235,2077.89622216376,2885.009956606824,2024.8083840048012,1821.3105596980467,1553.7857770684868
1956-03-01,2472.003070175438,2297.6618095531067,2277.125,2165,2235.3504081306373,2206.7536437518315,2885.757110013276,2197.4447551124595,1944.7964647125273,2025.1462323944606
1956-04-01,2580.0557017543856,2406.6966483967553,2381.5,2199,2372.006389766645,2380.812380307343,2885.802761802636,2404.223831950189,2142.3483179261357,2265.165504155203
1956-05-01,2642.950438596491,2470.573591763595,2438.5,2308,2505.2821629849977,2421.243424734733,2887.4125801458763,2413.0806431948618,2292.6481602948625,2198.643085226663
1956-06-01,2797.4241228070173,2626.029480802693,2587.125,2529,2466.577720589633,2532.013347209394,2887.826784269303,2488.5244332262905,2228.112918046336,2293.3254092735024
1956-07-01,3187.634649122807,3017.222209242801,2973.625,2573,3128.940384924051,2957.7023409824965,2887.4035339936268,2976.3122812425195,2774.352124124238,2828.197313496232
1956-08-01,4292.424122807017,4122.993878998553,4072.875,3946,3913.0950887987265,3325.365659051211,2889.0402362999857,3406.807220003607,4060.843442770123,3635.9859821580903
1956-09-01,3542.6346491228064,3374.186613299128,3319.75,3200,3454.6877129587956,3400.2590234414597,2885.7324706530226,3576.161313368269,2806.723760822858,2927.25330353965
1956-10-01,3073.5820175438594,2906.1161866860307,2845.0,2574,2759.3893670055577,3125.9280195888737,2882.633952388876,3163.2174240959134,2876.90077444511,3150.773692761102
1956-11-01,2894.0557017543856,2727.572072782006,2660.625,2422,2688.768229219582,2644.655755118025,2883.3422324435896,2584.352714553315,2486.648537249114,2220.9850902811995
1956-12-01,2655.529385964912,2490.0279582348116,2418.375,2446,2445.9061196706325,2365.256304560589,2882.725339939435,2348.3878613890824,2227.8933668734135,2214.1951078477796
1957-01-01,2478.74298245614,2314.7148570841096,2265.125,2828,2204.706285978761,2209.9319194209165,2881.779655314886,2185.1796727079673,2091.8702211722702,2013.1088430786695
1957-02-01,2461.111403508771,2299.0476926819083,2244.0,2879,2311.338330343233,2396.6857138532428,2876.2906528236385,2448.903042626644,2407.0695358481316,2799.793246121805
1957-03-01,2597.795614035087,2437.696315618513,2378.75,2800,2337.2299862125237,2644.43816991807,2872.905176897745,2700.4151369310025,2905.136984827648,3132.1258777540716
1957-04-01,2705.8482456140346,2547.713358752214,2484.625,2835,2475.349851595877,2707.216070106064,2871.4789149688972,2694.903124787476,2853.957148452495,2792.8030470769936
1957-05-01,2768.74298245614,2612.572506409106,2543.125,2585,2610.121619549541,2760.9019718165614,2870.5135028110426,2732.7325820056412,2897.5513764678635,2907.7133962417593
1957-06-01,2923.2166666666662,2769.010599738257,2693.25,2787,2572.945282877453,2735.434636675598,2870.234866838096,2659.6898078148392,2817.8779052974987,2770.0395253719716
1957-07-01,3313.4271929824554,3161.1855324684175,3081.375,3334,3236.8681639231163,3037.611242141992,2869.8510057023987,3023.917481850935,3066.490056054574,2794.2682633492986
1957-08-01,4418.216666666667,4267.939406514221,4182.125,4746,4022.615195497004,3794.0982032681222,2868.7493717659395,3884.9026273460263,4598.273226424709,4673.783806836753
1957-09-01,3668.427192982456,3520.11434510485,3430.75,3613,3565.8322583442496,3972.8131471763586,2867.585647661102,4106.600753538058,3770.81687168409,3965.558286897667
1957-10-01,3199.3745614035083,3053.026122781805,2957.75,3463,2872.1904620661567,3317.4388922459357,2867.197719673678,3278.386154500387,3358.173752999256,2949.400064929272
1957-11-01,3019.8482456140346,2875.464213167833,2775.0,3274,2803.2579849432923,3089.131054134893,2866.6039800777835,3029.6603856788633,3140.2279558658556,3273.7428461289637
1957-12-01,2781.321929824561,2638.902302910691,2534.375,2801,2562.11664704542,3011.887588220732,2866.1876122598346,2966.9218768136334,3198.6634411760806,3268.577951805244
1958-01-01,2604.535526315789,2464.571406050042,2382.875,2488,2322.669695992593,2950.3760707935107,2866.1002901456764,2920.55104975893,3015.6472338982257,3147.1023577548995
1958-02-01,2586.9039473684206,2449.8864459378938,2363.625,2386,2431.086733984077,2812.294607818969,2866.140867150087,2799.3892474652616,2715.9089328706305,2495.96544383154
1958-03-01,2723.5881578947365,2589.5172731645507,2500.25,2428,2458.795494468345,2806.0963291527178,2866.3455076464425,2821.5219132565253,2707.301458926191,2261.7675731257714
1958-04-01,2831.6407894736835,2700.516520588304,2607.875,2678,2598.764575454643,2840.7696325252227,2866.570063341733,2845.802993299505,2657.630920441685,2422.052267139612
1958-05-01,2894.535526315789,2766.357872535249,2668.25,2744,2735.4176699992177,2854.96546394912,2866.743927517553,2838.562465056755,2613.6900481751854,2389.614996762837
1958-06-01,3049.0092105263157,2923.7781701544523,2820.375,2772,2700.1547709060087,3102.7329683230732,2866.7436574479275,3042.371757274882,2952.8271286167073,2906.780124947313
1958-07-01,3439.219736842105,3316.9353071746655,3210.375,3520,3366.023200518516,3622.677665454787,2866.9115750528395,3565.873986393921,3085.3079625306946,3281.226799959013
1958-08-01,4544.009210526316,4424.671385510523,4313.125,3833,4153.747891647215,4291.748214663574,2866.8471314690264,4285.592189263007,4557.493740505441,4894.646201631156
1958-09-01,3794.219736842105,3677.828528391203,3563.875,3377,3698.9747250372384,3953.5217687580607,2867.380693057551,3974.076873185365,3274.4537088830193,2653.614921859158
1958-10-01,3325.1671052631573,3211.722510358211,3092.875,3013,3007.37481028989,3688.9487441421434,2867.521036760371,3676.39863652976,2906.6835564745124,3183.2101462888986
1958-11-01,3145.640789473684,3035.1428050342915,2912.25,2871,2940.516325685737,3315.070435048789,2867.81907138165,3313.8361574748315,2852.617668510902,2786.8259848868483
1958-12-01,2907.11447368421,2799.5630990672025,2673.625,2592,2701.4810912945422,2929.474858766748,2868.146565137918,2943.2135585103747,2579.71740776787,2350.033588754788
1959-01-01,2730.328070175438,2626.214406496605,2524.375,2375,2464.172354736359,2639.921975039719,2868.29461675749,2630.3850825492727,2609.4389480750306,2234.4089888668877
1959-02-01,2712.6964912280696,2612.51165067451,2507.125,2304,2574.7597182104546,2533.8365956968164,2868.318924026817,2520.811562570272,2358.9496750089156,2231.428895589892
1959-03-01,2849.3807017543854,2753.124682191219,2646.125,2464,2604.6709151653013,2602.3616225095884,2868.426840218718,2591.705324161954,2262.9825896095645,2310.4518836565258
1959-04-01,2957.433333333333,2865.1061339050257,2756.0,2557,2746.8745436101426,2799.8259956982633,2868.5447372114204,2810.6061060832194,2511.748669102959,2680.2500297711467
1959-05-01,3020.3280701754384,2931.929690142023,2818.5,2739,2885.7942966012297,2877.645528288407,2868.8543389375404,2865.2400590837733,2421.8264626730206,2583.8061864724987
1959-06-01,3174.8017543859646,3090.332192051279,2973.0,2714,2852.8301669424964,3102.640008328244,2869.01969795339,3081.9004744080444,2771.0584830533007,2732.6587222234575
1959-07-01,3565.012280701754,3484.471533361545,3365.375,3102,3521.029476977451,3506.67641622885,2869.323746225914,3503.6185882419877,3294.38921096169,3419.1960176756947
1959-08-01,4669.801754385964,4593.1898159874545,4470.5,3961,4311.117159516559,3706.876170473379,2870.015948887148,3758.0948880279634,4096.696249395777,3375.088129073898
1959-09-01,3920.012280701754,3847.3291631581874,3723.5,3772,3858.73909530496,3787.6289888351057,2869.534077859847,3884.399011893373,3243.8098446354625,3465.0494345116595
1959-10-01,3450.9596491228067,3382.205349415248,3254.875,3245,3169.5663939439573,3581.638767845761,2868.8281768359143,3622.044721303995,3226.7241118635084,3379.556128407441
1959-11-01,3271.433333333333,3206.607848381381,3076.875,3104,3105.1672337141135,3227.3951572506135,2868.41966745864,3214.5541289854596,3136.503953173662,3065.8349655739066
1959-12-01,3032.907017543859,2972.010346704345,2840.875,2869,2868.623434685197,2933.325402428933,2868.053496468722,2933.322067998999,2693.5769136677955,2788.7427198482146
1960-01-01,2856.1206140350873,2799.6438584238003,2694.0,2513,2633.838244477261,2697.6958572936474,2867.752205566815,2684.0772938156624,2496.7203729793346,2617.0899942485485
1960-02-01,2838.489035087719,2786.923306891757,2679.5,2385,2746.9812652895653,2548.454668928199,2867.553550958416,2517.177722978665,2474.9297271366595,2407.362034509668
1960-03-01,2975.1732456140344,2928.518542698519,2820.875,2756,2779.4802305705907,2607.303089565304,2867.4394386597173,2601.6257808713353,2536.353133182487,2507.228284779476
1960-04-01,3083.225877192982,3041.4821987023784,2933.5,2927,2924.303738329576,2857.9722013731684,2867.2449987404375,2894.7603404988904,2860.1896413747427,2812.4922199108914
1960-05-01,3146.1206140350873,3109.287959229428,2998.75,2940,3065.8754816227747,3038.7646082029955,2867.0717206064664,3055.517673387243,3068.0907629429967,3073.9422086982468
1960-06-01,3300.5942982456136,3268.6726654287368,3155.875,3180,3035.595453254119,3115.1830688416276,2867.008278709027,3074.599956149651,2925.4689977962535,2877.3216280436536
1960-07-01,3690.804824561403,3663.794211029055,3550.875,3791,3706.5109755671174,3546.0605118340495,2866.7911468626257,3519.4850199687285,3659.8518246975273,3532.371411167922
1960-08-01,4795.5942982456145,4773.494697945017,4658.875,4093,4499.346981372237,4119.843438093833,2866.459520199885,4120.807627056549,4369.986949818151,4617.18633142305
1960-09-01,4045.804824561403,4028.6162494058026,3914.75,4309,4049.749351414617,4083.8782022582714,2866.335310810744,4091.5857963455487,3852.532619190846,3868.5676808741828
1960-10-01,3576.7521929824557,3564.474639952916,3449.0,3532,3363.3891952955564,3933.3221929268248,2866.028771080928,3946.670133226011,3658.159265917131,3745.203337351315
1960-11-01,3397.225877192982,3389.859343209102,3273.625,3408,3301.834691295626,3524.977976853388,2865.9030497526583,3488.680763231211,3519.8667358157945,3353.480470207096
1960-12-01,3158.6995614035086,3156.2440458221176,3040.5,2839,3068.1676594845867,3208.6409922094076,2865.7850043276676,3206.1861585805796,3169.9706993263353,3134.9879624426103
1961-01-01,2981.9131578947363,2984.859761831626,2896.625,2792,2836.2913474824927,2762.7238613661325,2865.7677101405698,2711.545270048491,2723.2670553641456,2443.7058052667626
1961-02-01,2964.281578947368,2973.1214145896356,2885.125,2798,2952.3753574886105,2731.545908249516,2865.6866831242064,2711.53240331519,2658.561616784177,2625.69615508919
1961-03-01,3100.965789473684,3115.6988546864504,3029.5,3007,2987.847422951413,2959.2364317798324,2865.583861340236,2961.2915157076045,3067.374063412336,3135.9360534851676
1961-04-01,3209.018421052631,3229.644714980362,3145.0,3086,3135.6761418801434,3179.737601065584,2865.556211698937,3190.4929440160095,3119.961552508722,3140.818270412072
1961-05-01,3271.9131578947363,3298.4326797974645,3213.25,3201,3280.2852073310523,3300.236660985465,2865.54595700865,3262.513300096862,3206.9284323851753,3058.9516114105854
1961-06-01,3426.386842105263,3458.799590286825,3373.5,3428,3253.074612108074,3566.009828370394,2865.539164668303,3506.8735765538217,3341.1050136827344,3404.804301761511
1961-07-01,3816.597368421052,3854.9033401771967,3771.75,3754,3927.091678554717,3973.1298579551058,2865.517001351037,3909.7206341596698,3821.3504618258366,4001.8704251855306
1961-08-01,4921.386842105263,4965.586031383211,4882.75,4917,4723.061339481447,4239.829185864329,2865.533897881161,4181.346276780447,4432.251998404896,4016.752285634195
1961-09-01,4171.597368421052,4221.68978713405,4141.75,3760,4276.629475633405,4585.9364681350635,2865.363425939006,4534.417102189751,4696.851113640492,5094.603236924373
1961-10-01,3702.544736842105,3758.5303819712153,3679.25,3609,3593.4671966118904,3952.092895391249,2865.4289872369836,3869.4679941613176,3538.887514253568,2942.61496947918
1961-11-01,3523.0184210526313,3584.897289517454,3507.25,3471,3535.1426806974696,3635.879728345848,2865.3981269367578,3603.225440886641,3329.0632303282146,3440.770620132297
1961-12-01,3284.4921052631576,3352.2641964205222,3277.375,3347,3304.737747959908,3250.9255699170017,2865.366092418632,3233.892557109286,3106.1618820762087,2868.315614858615
1962-01-01,3107.7057017543857,3181.862116720083,3136.875,3333,3076.1556460192614,3150.2085004385617,2865.3060445465057,3150.2472883936343,3041.8876847989286,3263.6618590947564
1962-02-01,3090.074122807017,3171.1059737681453,3128.5,3456,3195.5659770747898,3189.1231988231925,2865.227801708191,3178.43308508012,3157.8059292859944,3305.7716819711814
1962-03-01,3226.758333333333,3314.6656181550125,3276.375,3569,3234.396474574968,3417.444311696019,2865.1747540180386,3417.952678673082,3508.9694468199123,3624.987524847036
1962-04-01,3334.8109649122803,3429.593682738977,3395.25,3900,3385.6157365290437,3571.028695200807,2865.1402846983187,3540.239100921187,3671.237922393519,3609.8560318818236
1962-05-01,3397.7057017543852,3499.363851846132,3467.0,3909,3533.647455993263,3773.1212521204025,2865.101970355217,3727.192542598792,3822.944608566955,3981.4378065976134
1962-06-01,3552.179385964912,3660.712966625546,3630.75,4098,3509.8916257715628,3947.491755739718,2865.071474863312,3851.997763115905,4067.8272948959298,4096.991965442614
1962-07-01,3942.3899122807015,4057.798920805969,4032.5,4826,4187.395568207449,4326.364190243392,2865.049886233893,4202.481698684727,4693.263911084072,4389.702735999992
1962-08-01,5047.1793859649115,5169.463816302036,5147.0,5770,4986.884216111392,4774.017682144117,2865.015401955214,4640.694589770635,5366.609942883282,5950.770968892084
1962-09-01,4297.3899122807015,4426.5497763429275,4409.5,5108,4544.003450228527,4692.0287694188155,2864.9907062135626,4583.9901209256395,5154.450021952176,4581.513182102892
1962-10-01,3828.337280701754,3964.3725754701454,3950.625,4360,3864.424380160157,4465.679336300493,2864.9708090238937,4318.317729553967,4721.733864279409,4917.494273911452
1962-11-01,3648.81096491228,3791.7216873064367,3782.25,4100,3809.715184186847,4050.528367554912,2864.963216352174,3910.008990652405,4350.547876672563,4191.060118041803
1962-12-01,3410.2846491228065,3560.070798499558,3556.0,3562,3582.9576823783636,3776.1603926830658,2864.958097420299,3677.5378395248904,3874.633435680257,3937.63777797273
1963-01-01,3233.4982456140347,3390.6509230891716,3419.25,3284,3358.05512235476,3497.2422406123237,2864.957086428509,3407.4355580013053,3743.420805368858,3513.648300656735
1963-02-01,3215.8666666666663,3380.876984427286,3414.75,3278,3481.177106315299,3434.0444897388084,2864.956895798141,3341.4974455372085,3596.469915140806,3366.0640619684928
1963-03-01,3352.5508771929817,3525.418833104206,3566.25,3424,3523.751367708456,3616.794154493362,2864.9581727145483,3522.718550393279,3698.887484754231,3352.6854354383468
1963-04-01,3460.6035087719297,3641.329101978223,3689.0,3843,3678.746504543474,3909.351561667386,2864.9606923966626,3807.9399269871783,3788.856457269442,3715.623900330065
1963-05-01,3523.4982456140347,3712.0814753754303,3764.625,3614,3830.5862098766074,4134.267253249101,2864.9628553887205,4007.7632596513354,3874.866653108443,3813.269454973579
1963-06-01,3677.971929824561,3874.412794444897,3932.0,3536,3810.6704765117847,4280.379008414774,2864.967814158475,4080.40292805217,3987.5054007648,3763.2436580284866
1963-07-01,4068.1824561403505,4272.480952915373,4337.625,4505,4492.046626792516,4635.688987725589,2864.9769271723226,4401.946567035039,4170.540755705464,4218.651839175753
1963-08-01,5172.971929824562,5385.128052701493,5456.125,5456,5295.439593529269,5029.833476791289,2864.981105914264,4813.052522192538,5438.841554397917,5411.9479921943075
1963-09-01,4423.18245614035,4643.196217032437,4722.75,4881,4856.495257467182,5033.501498483392,2864.9814957035687,4835.641285469419,4534.1230016725785,4750.531980127622
1963-10-01,3954.129824561403,4182.001220449708,4267.75,4041,4180.884728207555,4725.717307107855,2864.9813291975397,4534.03449324617,4224.892197721685,4091.365542678439
1963-11-01,3774.6035087719297,4010.332536576051,4103.375,3724,4130.176184030956,4254.4514392657375,2864.983993454413,4098.6470972127245,3900.4483555806783,3731.3140745979535
1963-12-01,3536.077192982456,3779.663852059225,3881.25,3525,3907.451445007151,3747.763478742794,2864.9885157795347,3657.273144179083,3341.9721077790655,3140.952489701649
1964-01-01,3359.2907894736836,3611.226180938891,3748.5,3437,3686.6137587561902,3445.4088768012953,2864.9889447019295,3391.9876130686516,3258.504439803579,3206.6535259046286
1964-02-01,3341.6592105263153,3602.4344465670583,3748.0,3324,3813.832727477342,3426.4491241954593,2864.984482357699,3375.1694246503794,3389.293976885231,3393.356230090825
1964-03-01,3478.343421052631,3747.958499534031,3903.75,3977,3860.536084619076,3619.637497236585,2864.983526458343,3548.3578113770473,3465.3293052080717,3430.8427254298913
1964-04-01,3586.396052631578,3864.8509726981006,4030.75,4025,4019.692428190639,4089.938932468347,2864.9776204136197,4034.156887867859,4055.996800949575,4360.9715110781635
1964-05-01,3649.290789473683,3936.585550385361,4110.5,4016,4175.725451248283,4043.587999772916,2864.977579767252,3935.6203744661975,3891.072855744735,3758.1871710066725
1964-06-01,3803.7644736842103,4099.899073744879,4282.25,4031,4160.035146595937,4151.863201701111,2864.9752813651403,3979.8000768627858,4003.4331578820543,3900.358922439149
1964-07-01,4193.974999999999,4498.949436505408,4692.25,4489,4845.668836577114,4635.081177407609,2864.9718677545347,4417.164980854935,4889.017150948133,4965.539905277963
1964-08-01,5298.76447368421,5612.578740581581,5814.875,5563,5653.351454002275,4941.42680630975,2864.972486767522,4732.131226207495,5610.526096567959,5402.723004834685
1964-09-01,4548.974999999999,4871.629109202577,5085.875,5709,5218.728879616567,4961.184636410441,2864.967579987709,4789.11196932906,4993.839208255449,4951.566982772554
1964-10-01,4079.922368421052,4411.4163169099,4635.25,4620,4547.472223021284,4791.198087556561,2864.958434858827,4626.783760468807,4611.948816204971,4838.696197015328
1964-11-01,3900.396052631578,4240.729837326297,4475.25,4160,4501.149662496998,4333.236376682881,2864.9543844309037,4157.653057790016,4419.473631015171,4269.579334655187
1964-12-01,3661.869736842105,4011.043357099523,4257.625,4012,4282.84301811347,3933.293421418427,2864.9520891977745,3795.076501892065,3886.592226805537,3924.625212688975
1965-01-01,3485.083333333333,3843.587890269242,4129.375,3987,4066.455537490754,3703.20115256024,2864.9499556022124,3613.491023627782,3701.173794999824,3888.5339559196236
1965-02-01,3467.4517543859643,3835.7783601874617,4133.375,4155,4198.156822828115,3725.436017216542,2864.9478866830755,3640.103878657565,3895.155507517573,3842.34956991129
1965-03-01,3604.135964912281,3982.2846174444862,4293.625,4054,4249.374607574027,4143.036879109928,2864.9453436447843,4024.208115894771,4460.723871879491,4774.484386417917
1965-04-01,3712.188596491227,4100.159294898609,4425.125,4485,4413.077489737735,4231.581876654224,2864.9453544470416,4089.5506703743063,4488.057238938567,4061.639830868071
1965-05-01,3775.083333333333,4172.876076875922,4509.5,4558,4573.68916237549,4396.050911498625,2864.9447077846044,4240.221647027616,4394.346898340464,4435.3958859854065
1965-06-01,3929.55701754386,4337.171804525493,4685.875,4462,4562.609618291224,4488.51601403337,2864.944012716178,4281.381917532498,4428.269716313418,4540.589801820224
1965-07-01,4319.767543859649,4737.204371576075,5100.5,4594,5252.8861798284415,4743.348048292252,2864.943591366669,4481.513252282018,5159.303705223094,4881.428193171007
1965-08-01,5424.557017543859,5851.8158799423,6228.0,6481,6065.243779797615,5058.293716551852,2864.94350845041,4778.684273490579,5971.379865484803,5627.6049668611195
1965-09-01,4674.767543859649,5111.848452853348,5503.625,6345,5635.328298943886,5309.064625131422,2864.9415837511597,5050.542413196852,5942.58469435291,6594.601559671539
1965-10-01,4205.714912280701,4652.617864850725,5057.75,5142,4968.810846868547,5125.528767615356,2864.9404792438568,4857.925110834974,5245.124647457478,5224.473814237466
1965-11-01,4026.188596491228,4482.9135895571735,4902.625,4824,4927.259601852173,4690.961191824304,2864.9399830621537,4431.77196187052,4800.60449984801,4639.745919343895
1965-12-01,3787.6622807017543,4254.209313620453,4689.75,4573,4713.756383964522,4420.5499587914455,2864.9394352117724,4206.089709741724,4601.677349065787,4636.357872027791
1966-01-01,3610.875877192982,4087.736051080224,4566.25,4158,4502.204440825648,4244.418913978326,2864.939186697505,4089.32985772056,4564.1271986065585,4513.07858375091
1966-02-01,3593.244298245613,4080.908725288497,4575.375,4140,4638.773374634822,4071.904471084594,2864.939062761759,3902.2440398219983,4314.902644845188,4284.95681131377
1966-03-01,3729.9285087719295,4228.397186835574,4740.375,4251,4694.890918840511,4137.355734254575,2864.9390141146623,3948.141671367819,4516.756323819856,3997.788025404745
1966-04-01,3837.981140350877,4347.2540685797485,4876.875,4734,4863.525671451964,4478.250306770517,2864.9389845331116,4280.353412600478,4689.039323689931,4640.332178335202
1966-05-01,3900.875877192982,4420.953054847114,4966.25,4858,5029.101325525431,4673.537972806118,2864.938991915352,4460.1730042494,4737.319601646201,4774.87247971338
1966-06-01,4055.3495614035087,4586.230986786738,5147.625,4798,5023.017873864839,4710.054854738728,2864.938940085088,4451.897875796189,4728.008763301079,4722.037648918202
1966-07-01,4445.560087719298,4987.245758127372,5567.375,5080,5718.322638813704,4959.920933877018,2864.938921997663,4630.997576738005,5127.123344642403,4892.520759955514
1966-08-01,5550.349561403508,6102.83947078365,6699.875,6905,6535.740553182488,5341.994597546805,2864.9387991960493,5000.383181644891,6526.318903698089,6929.772142001224
1966-09-01,4800.560087719297,5363.854247984751,5980.625,5504,6110.917497716334,5454.659626901842,2864.9385152734367,5146.0802019829225,6673.2772118921675,6734.969845657073
1966-10-01,4331.507456140351,4905.60586427218,5539.875,5457,5449.52458201654,5122.699352745911,2864.9387057157865,4798.048667516635,4949.217420705092,4249.050665109018
1966-11-01,4151.9811403508775,4736.883793268681,5390.0,5198,5413.129984363677,4948.512770941043,2864.938530676475,4677.478469913072,4777.102185386804,5100.192725004152
1966-12-01,3913.454824561403,4509.161721622013,5182.25,4890,5204.8155248275025,4729.919052628776,2864.9383564729133,4495.8350006125675,4907.60242833056,4914.660053547132
